ID des chaînes,URL des chaînes,Titres des chaînes
UC-AQKm7HUNMmxjdS371MSwg,http://www.youtube.com/channel/UC-AQKm7HUNMmxjdS371MSwg,Channel 5 with Andrew Callaghan
UC-BEtS5elYIgDHsbabGNeIQ,http://www.youtube.com/channel/UC-BEtS5elYIgDHsbabGNeIQ,2Lazy2BAwesome
UC0-xeMXO_Vu8_wqqKf_Nipg,http://www.youtube.com/channel/UC0-xeMXO_Vu8_wqqKf_Nipg,David Finch
UC0EkeTmL_DgYKttncxAJ_Sw,http://www.youtube.com/channel/UC0EkeTmL_DgYKttncxAJ_Sw,MAGEFIST
UC0afN6pfGfPUbquFGDE3f5A,http://www.youtube.com/channel/UC0afN6pfGfPUbquFGDE3f5A,Angel Ganev
UC0vBXGSyV14uvJ4hECDOl0Q,http://www.youtube.com/channel/UC0vBXGSyV14uvJ4hECDOl0Q,Techquickie
UC17vsYVoIwch5UzPar1LDmQ,http://www.youtube.com/channel/UC17vsYVoIwch5UzPar1LDmQ,ymfah
UC1CVzH-XVr3E-kTT6D8hhfg,http://www.youtube.com/channel/UC1CVzH-XVr3E-kTT6D8hhfg,FitnessFAQs
UC1JTQBa5QxZCpXrFSkMxmPw,http://www.youtube.com/channel/UC1JTQBa5QxZCpXrFSkMxmPw,Raycevick
UC1PTq-E0XC1JjwobnnWyJCg,http://www.youtube.com/channel/UC1PTq-E0XC1JjwobnnWyJCg,Afterglow ASMR
UC1fKT0wuhchtclPqpdWEnHw,http://www.youtube.com/channel/UC1fKT0wuhchtclPqpdWEnHw,NeverKnowsBest
UC2L0MeiLsfJf4rH_xTVteDw,http://www.youtube.com/channel/UC2L0MeiLsfJf4rH_xTVteDw,♡Necoma Ch.♡猫羽かりん 【けもりふ】
UC2PqMuVxs-y6zBJjNEyZa5A,http://www.youtube.com/channel/UC2PqMuVxs-y6zBJjNEyZa5A,tppo
UC2eYFnH61tmytImy1mTYvhA,http://www.youtube.com/channel/UC2eYFnH61tmytImy1mTYvhA,Luke Smith
UC3CmMDWgQ_Hk4JwfzW_nTUg,http://www.youtube.com/channel/UC3CmMDWgQ_Hk4JwfzW_nTUg,Girl in Dungarees
UC3SLk50bvlivTtnFZqk-bHQ,http://www.youtube.com/channel/UC3SLk50bvlivTtnFZqk-bHQ,benzaieTV
UC3bQlN3L10pHmVLeC5tXRGw,http://www.youtube.com/channel/UC3bQlN3L10pHmVLeC5tXRGw,dukope1
UC3wxqeB1gIxdw6YKueea5Jg,http://www.youtube.com/channel/UC3wxqeB1gIxdw6YKueea5Jg,ZeroLenny
UC419PFikISpkirmylX5smqw,http://www.youtube.com/channel/UC419PFikISpkirmylX5smqw,dakooters
UC47GDLUPXADaa69O2AqJQ9A,http://www.youtube.com/channel/UC47GDLUPXADaa69O2AqJQ9A,Hawkshaw
UC4BGutC_CNefeMLs24-XZFA,http://www.youtube.com/channel/UC4BGutC_CNefeMLs24-XZFA,Kleric
UC4Fh9OcvIEWK405Cvg25jDw,http://www.youtube.com/channel/UC4Fh9OcvIEWK405Cvg25jDw,Sushi Clips
UC4SVo0Ue36XCfOyb5Lh1viQ,http://www.youtube.com/channel/UC4SVo0Ue36XCfOyb5Lh1viQ,Bro Code
UC4SwwK7ooyuDrmBROndfRXw,http://www.youtube.com/channel/UC4SwwK7ooyuDrmBROndfRXw,kuroshiro
UC4d-CUCex7TN8hYZK9ajcYg,http://www.youtube.com/channel/UC4d-CUCex7TN8hYZK9ajcYg,Wallensteins Ch.
UC4g58aKgC8ia4pTnyURyoBw,http://www.youtube.com/channel/UC4g58aKgC8ia4pTnyURyoBw,naniwazuni
UC4vIcQOyHOcjCgEAVsjenxg,http://www.youtube.com/channel/UC4vIcQOyHOcjCgEAVsjenxg,98DEMAKE
UC52nnTXLGl1ZZVQc-YXAKLQ,http://www.youtube.com/channel/UC52nnTXLGl1ZZVQc-YXAKLQ,Parkdona ch. 박도나
UC5CYeHPLer3lbEhgonvbbAA,http://www.youtube.com/channel/UC5CYeHPLer3lbEhgonvbbAA,Noah Caldwell-Gervais
UC5KDiSAFxrDWhmysBcNqtMA,http://www.youtube.com/channel/UC5KDiSAFxrDWhmysBcNqtMA,Eric Murphy
UC5TCshiar236xL0QMIvbE8w,http://www.youtube.com/channel/UC5TCshiar236xL0QMIvbE8w,JustClark
UC5UAwBUum7CPN5buc-_N1Fw,http://www.youtube.com/channel/UC5UAwBUum7CPN5buc-_N1Fw,The Linux Experiment
UC5z9UpMYn6KfYo7boRiF0ig,http://www.youtube.com/channel/UC5z9UpMYn6KfYo7boRiF0ig,Zy0x Daily
UC65Haje10c2f5zSQjeJXI2A,http://www.youtube.com/channel/UC65Haje10c2f5zSQjeJXI2A,taka gg
UC66dd-I4RHHFBou3oTLqyxw,http://www.youtube.com/channel/UC66dd-I4RHHFBou3oTLqyxw,Richard Anderson
UC693kzAhp5l26h8LiTyq5vQ,http://www.youtube.com/channel/UC693kzAhp5l26h8LiTyq5vQ,SkittyKat
UC6izVPg2AiK83K-rqS6AgmA,http://www.youtube.com/channel/UC6izVPg2AiK83K-rqS6AgmA,CacaboxTV
UC6xmTPctXnbW7PyoNwSZ1LQ,http://www.youtube.com/channel/UC6xmTPctXnbW7PyoNwSZ1LQ,Steven Zapata Art
UC72xNersRmz4kB1wq6ZI-Fw,http://www.youtube.com/channel/UC72xNersRmz4kB1wq6ZI-Fw,TheVictor003
UC7HAs-KXdXoQpE5RmJVqpNw,http://www.youtube.com/channel/UC7HAs-KXdXoQpE5RmJVqpNw,BumbleDee Audios
UC7YOGHUfC1Tb6E4pudI9STA,http://www.youtube.com/channel/UC7YOGHUfC1Tb6E4pudI9STA,Mental Outlaw
UC8ENHE5xdFSwx71u3fDH5Xw,http://www.youtube.com/channel/UC8ENHE5xdFSwx71u3fDH5Xw,ThePrimeagen
UC8rDfqkcikgjKNsBMY8TOkw,http://www.youtube.com/channel/UC8rDfqkcikgjKNsBMY8TOkw,Erobb221
UC8wKWWarusivFpIcUx9ilOw,http://www.youtube.com/channel/UC8wKWWarusivFpIcUx9ilOw,By Default
UCA0g_xvZWxDbfjNomg3GZig,http://www.youtube.com/channel/UCA0g_xvZWxDbfjNomg3GZig,taka-ciao
UCA7X5unt1JrIiVReQDUbl_A,http://www.youtube.com/channel/UCA7X5unt1JrIiVReQDUbl_A,Path of Exile
UCAG3CiKOUkQysyKCXSFEBPA,http://www.youtube.com/channel/UCAG3CiKOUkQysyKCXSFEBPA,Zizaran
UCAWsbzucg3KVJ6_HNjtqg7g,http://www.youtube.com/channel/UCAWsbzucg3KVJ6_HNjtqg7g,みやぢASMR
UCAfpcnw3DvpcggcHKos_mvQ,http://www.youtube.com/channel/UCAfpcnw3DvpcggcHKos_mvQ,Pixel Overload
UCBXTULCFSgZz3YEuPw8lQbA,http://www.youtube.com/channel/UCBXTULCFSgZz3YEuPw8lQbA,TGS 
UCBZJU-xDD3FcvLOKURs70FQ,http://www.youtube.com/channel/UCBZJU-xDD3FcvLOKURs70FQ,ROGUE 1O3
UCBa659QWEk1AI4Tg--mrJ2A,http://www.youtube.com/channel/UCBa659QWEk1AI4Tg--mrJ2A,Tom Scott
UCBqT-_0ywiQ9DepT5IhbGxw,http://www.youtube.com/channel/UCBqT-_0ywiQ9DepT5IhbGxw,erobb221 unmuted VODs (with Chat)
UCBs2Y3i14e1NWQxOGliatmg,http://www.youtube.com/channel/UCBs2Y3i14e1NWQxOGliatmg,Mother's Basement
UCC26K7LTSrJK0BPAUyyvtQg,http://www.youtube.com/channel/UCC26K7LTSrJK0BPAUyyvtQg,Brandon James Greer
UCCBQusD2RZU6oth8jPe0ljQ,http://www.youtube.com/channel/UCCBQusD2RZU6oth8jPe0ljQ,ᄐᄆ
UCCCZy-2jXtEXEeTJGZ_RXFw,http://www.youtube.com/channel/UCCCZy-2jXtEXEeTJGZ_RXFw,Numi
UCCMxHHciWRBBouzk-PGzmtQ,http://www.youtube.com/channel/UCCMxHHciWRBBouzk-PGzmtQ,Bazar du Grenier
UCCSP7PY6BarCCa2vX96Wwuw,http://www.youtube.com/channel/UCCSP7PY6BarCCa2vX96Wwuw,キオナオキ / Kionaoki  Illust Making Channel 
UCCiOsYX3Q3wtgvtep-x_yjA,http://www.youtube.com/channel/UCCiOsYX3Q3wtgvtep-x_yjA,さいとうなおき2
UCD6VugMZKRhSyzWEWA9W2fg,http://www.youtube.com/channel/UCD6VugMZKRhSyzWEWA9W2fg,SsethTzeentach
UCDkVs1AfBbRg6zj84rltT0Q,http://www.youtube.com/channel/UCDkVs1AfBbRg6zj84rltT0Q,Zajef Daily
UCDmZ0jUxY4vB6LHFk7d-ovg,http://www.youtube.com/channel/UCDmZ0jUxY4vB6LHFk7d-ovg,AllinAll
UCEHABGxoIxfCeicnDUp1g1w,http://www.youtube.com/channel/UCEHABGxoIxfCeicnDUp1g1w,Les lives de Boblennon
UCEL03vxCWzPzXcarexAIFHg,http://www.youtube.com/channel/UCEL03vxCWzPzXcarexAIFHg,BenchmarKing
UCEWgT9v3clQE56H3EJ_oCbg,http://www.youtube.com/channel/UCEWgT9v3clQE56H3EJ_oCbg,birdy brid
UCFRCV4z5uSDTnHVexK7MJeA,http://www.youtube.com/channel/UCFRCV4z5uSDTnHVexK7MJeA,Ben Eblen
UCFcNN1wESkQT_Qrc7-tUc8A,http://www.youtube.com/channel/UCFcNN1wESkQT_Qrc7-tUc8A,Cana
UCFlHlVVltSmDtLHnPJp6Kkg,http://www.youtube.com/channel/UCFlHlVVltSmDtLHnPJp6Kkg,harrishero
UCGKQFbHWBL9SqYXH41ZMTkw,http://www.youtube.com/channel/UCGKQFbHWBL9SqYXH41ZMTkw,Quin69TV
UCHDxYLv8iovIbhrfl16CNyg,http://www.youtube.com/channel/UCHDxYLv8iovIbhrfl16CNyg,GameLinked
UCHMnsOPDgrjWvjHXZp-xvqg,http://www.youtube.com/channel/UCHMnsOPDgrjWvjHXZp-xvqg,IWinToLose Gaming
UCI0fV325v5QniwVJ74PAVcA,http://www.youtube.com/channel/UCI0fV325v5QniwVJ74PAVcA,Mtashed
UCI8GDFj5BQCQrSHITFebzkA,http://www.youtube.com/channel/UCI8GDFj5BQCQrSHITFebzkA,moderndayjames
UCICvQAnA8u-_nWZa_6i81WA,http://www.youtube.com/channel/UCICvQAnA8u-_nWZa_6i81WA,Obi Vtuber Clips
UCJItL3dzLhLG1FGV1wZRS2w,http://www.youtube.com/channel/UCJItL3dzLhLG1FGV1wZRS2w,Oliver Sjostrom
UCJQQq3kLfH-bSE-WSo59XbQ,http://www.youtube.com/channel/UCJQQq3kLfH-bSE-WSo59XbQ,CaptainLance9
UCJRLyQRpRQCJTRoV7oB2eHA,http://www.youtube.com/channel/UCJRLyQRpRQCJTRoV7oB2eHA,ColourShedProductions
UCJUTSnHZuWcIfw5Edk9BCqA,http://www.youtube.com/channel/UCJUTSnHZuWcIfw5Edk9BCqA,Tripolar Bear
UCJZv4d5rbIKd4QHMPkcABCw,http://www.youtube.com/channel/UCJZv4d5rbIKd4QHMPkcABCw,Kevin Powell
UCKJtYrlWaF3G0LIneEKoPew,http://www.youtube.com/channel/UCKJtYrlWaF3G0LIneEKoPew,Avoiding The Puddle
UCKtu_JtQCY0yryIy6zK4ZCg,http://www.youtube.com/channel/UCKtu_JtQCY0yryIy6zK4ZCg,Marc Brunet
UCLErCzTZDMd1eONVsko53mg,http://www.youtube.com/channel/UCLErCzTZDMd1eONVsko53mg,Zajef77
UCLK1T0xtIgPIP298CUV40IA,http://www.youtube.com/channel/UCLK1T0xtIgPIP298CUV40IA,みこと mikoto..落ち着きボイス
UCM58aXNq0HvzVFJ43HHBqjQ,http://www.youtube.com/channel/UCM58aXNq0HvzVFJ43HHBqjQ,oridays
UCMVqE99AJFEfWDD1TCHk-nQ,http://www.youtube.com/channel/UCMVqE99AJFEfWDD1TCHk-nQ,Usagi Kira Ch. うさぎきら
UCMW69rckdtyHUqaOyBO_4zg,http://www.youtube.com/channel/UCMW69rckdtyHUqaOyBO_4zg,Imperial Knowledge
UCMklCVvCS7ut4aoeNuatZFw,http://www.youtube.com/channel/UCMklCVvCS7ut4aoeNuatZFw,Johan Malm
UCMwJJL5FJFuTRT55ksbQ4GQ,http://www.youtube.com/channel/UCMwJJL5FJFuTRT55ksbQ4GQ,Asmongold Clips
UCN5xN8gIljvWYnsj06V8WbQ,http://www.youtube.com/channel/UCN5xN8gIljvWYnsj06V8WbQ,Pyrocynical
UCNAISSYrkzzCifNaRkncfhg,http://www.youtube.com/channel/UCNAISSYrkzzCifNaRkncfhg,Speyll
UCNMBc10l3ogyBT-uMRkcvsA,http://www.youtube.com/channel/UCNMBc10l3ogyBT-uMRkcvsA,KQM 
UCNNOvB507MRfny7Jcv8MmOw,http://www.youtube.com/channel/UCNNOvB507MRfny7Jcv8MmOw,SamDoesArts
UCNmFtWjc-dG1ih90JecO6Ww,http://www.youtube.com/channel/UCNmFtWjc-dG1ih90JecO6Ww,Hoozuki Iriya Ch.鬼灯いりや
UCNqJbBbE48lFBaF4UMw4egA,http://www.youtube.com/channel/UCNqJbBbE48lFBaF4UMw4egA,Kirokaze
UCO07ueQqqR5QHjsNuTPX0gg,http://www.youtube.com/channel/UCO07ueQqqR5QHjsNuTPX0gg,SquChan Ch.
UCO2ja0P952QDLxASyUyCiqg,http://www.youtube.com/channel/UCO2ja0P952QDLxASyUyCiqg,Daily Dose of Zy0x
UCOSFGQ8d_eLCsjWXwuMh4LA,http://www.youtube.com/channel/UCOSFGQ8d_eLCsjWXwuMh4LA,ろのみやひなぎく
UCOZfpWD7SM5t1Mmk0_aJdfw,http://www.youtube.com/channel/UCOZfpWD7SM5t1Mmk0_aJdfw,Flippy
UCOuF8msmQF71Zf0LSAsJRBQ,http://www.youtube.com/channel/UCOuF8msmQF71Zf0LSAsJRBQ,ryuk0
UCOvvFK_EhrX9exQ-jkLPg8w,http://www.youtube.com/channel/UCOvvFK_EhrX9exQ-jkLPg8w,mikeymegamega
UCQRGNFkUfkfk9Oo8o7Es09Q,http://www.youtube.com/channel/UCQRGNFkUfkfk9Oo8o7Es09Q,wojtryb
UCQRfUPNla7dB-kdcWD92lJg,http://www.youtube.com/channel/UCQRfUPNla7dB-kdcWD92lJg,Mare Ch. なぃとめあ-耳舐めおばけ-
UCQSpnDG3YsFNf5-qHocF-WQ,http://www.youtube.com/channel/UCQSpnDG3YsFNf5-qHocF-WQ,ThioJoe
UCQeRaTukNYft1_6AZPACnog,http://www.youtube.com/channel/UCQeRaTukNYft1_6AZPACnog,Asmongold TV  
UCR1D15p_vdP3HkrH8wgjQRw,http://www.youtube.com/channel/UCR1D15p_vdP3HkrH8wgjQRw,Internet Historian
UCRIyuqrrNY1j2Ifgaju9hCg,http://www.youtube.com/channel/UCRIyuqrrNY1j2Ifgaju9hCg,Walter Wolf
UCR_snu9lDmCD4e0x2dF1q3w,http://www.youtube.com/channel/UCR_snu9lDmCD4e0x2dF1q3w,DarkDreams ASMR
UCRf1oaDTDdMDuI5NWoJN9tQ,http://www.youtube.com/channel/UCRf1oaDTDdMDuI5NWoJN9tQ, NANO Tenshi ch. /天使なの
UCRvMqYterhmbhtXYZu3ijog,http://www.youtube.com/channel/UCRvMqYterhmbhtXYZu3ijog,POTATOZ
UCSdma21fnJzgmPodhC9SJ3g,http://www.youtube.com/channel/UCSdma21fnJzgmPodhC9SJ3g,NakeyJakey
UCT6RRo37G6e7GoeZv5pJFBQ,http://www.youtube.com/channel/UCT6RRo37G6e7GoeZv5pJFBQ,jungroan
UCTH6s1SMIQicvyd8OLBYMtQ,http://www.youtube.com/channel/UCTH6s1SMIQicvyd8OLBYMtQ,4096
UCUQTqWAaSzhAKRanOpes1nA,http://www.youtube.com/channel/UCUQTqWAaSzhAKRanOpes1nA,Sinix Design
UCUTUmNGeoIVZbrrvEeRT4rw,http://www.youtube.com/channel/UCUTUmNGeoIVZbrrvEeRT4rw,arcadia's audios
UCVAiy5B68639OIIm0Nl1Nbw,http://www.youtube.com/channel/UCVAiy5B68639OIIm0Nl1Nbw,BabyPink ASMR
UCVWhVAZwCdQsPZL-mDLcxPQ,http://www.youtube.com/channel/UCVWhVAZwCdQsPZL-mDLcxPQ,Whitelight
UCVqeEUJOJgH2uam5q_78W4g,http://www.youtube.com/channel/UCVqeEUJOJgH2uam5q_78W4g,theCecile
UCW-HBBzxn7URXPHzWiZTq_A,http://www.youtube.com/channel/UCW-HBBzxn7URXPHzWiZTq_A,Warlockracy
UCW_AWiDyWZqKv4RsgwR8CWg,http://www.youtube.com/channel/UCW_AWiDyWZqKv4RsgwR8CWg,【ASMR】桜音のん / Sakurane Non
UCX8fFzD1Kdi8uCSmbOce08w,http://www.youtube.com/channel/UCX8fFzD1Kdi8uCSmbOce08w,ばかなんす! 《 日南 - canan - 》
UCXCJ10RwXQjk1y5w0NGjc0Q,http://www.youtube.com/channel/UCXCJ10RwXQjk1y5w0NGjc0Q,Mox ಠ ᴥ ಠ
UCXNNkC-eyYEHt7FYuyS0iPw,http://www.youtube.com/channel/UCXNNkC-eyYEHt7FYuyS0iPw,GRAS DE NUNU
UCXXnWssOLdB2jg-4CznteAA,http://www.youtube.com/channel/UCXXnWssOLdB2jg-4CznteAA,こまるCh. - Komaru Kurikoma -/あおぎり高校
UCXtE168z7GAxYKAIHFOgm8w,http://www.youtube.com/channel/UCXtE168z7GAxYKAIHFOgm8w,TIFF x DAN
UCXuqSBlHAE6Xw-yeJA0Tunw,http://www.youtube.com/channel/UCXuqSBlHAE6Xw-yeJA0Tunw,Linus Tech Tips
UCXzmcdy3BVCnLqwOx2JERMg,http://www.youtube.com/channel/UCXzmcdy3BVCnLqwOx2JERMg,young scrolls
UCY3Uw6Vdkk8KvY5fEq1iTpA,http://www.youtube.com/channel/UCY3Uw6Vdkk8KvY5fEq1iTpA,Wankil Studio - Les VOD
UCYGjxo5ifuhnmvhPvCc3DJQ,http://www.youtube.com/channel/UCYGjxo5ifuhnmvhPvCc3DJQ,Wankil Studio - Laink et Terracid
UCYInitKt3kjGvaHwks9IBKg,http://www.youtube.com/channel/UCYInitKt3kjGvaHwks9IBKg,Solar Girl ASMR
UCYZtp0YIxYOipX15v_h_jnA,http://www.youtube.com/channel/UCYZtp0YIxYOipX15v_h_jnA,Crowbcat
UCYsGgfAcQ91Fpda3_O-h0LA,http://www.youtube.com/channel/UCYsGgfAcQ91Fpda3_O-h0LA,Clint Stevens
UCZWadyLVO4ZnMgLrRVtS6VA,http://www.youtube.com/channel/UCZWadyLVO4ZnMgLrRVtS6VA,Mii beta
UCZYVdK_QVOV80sbJQuaf-Qw,http://www.youtube.com/channel/UCZYVdK_QVOV80sbJQuaf-Qw,EroticWalruss
UCZkZnbVO2bECxwcGlE9YOGg,http://www.youtube.com/channel/UCZkZnbVO2bECxwcGlE9YOGg,木蜜甜花♡KIMITSU TENKA【めいどるーちぇ】
UCZkjR_rtjbEEeHYVpCf961A,http://www.youtube.com/channel/UCZkjR_rtjbEEeHYVpCf961A,dakooters alt
UC_4WGocM14_hmWNn0eL11KQ,http://www.youtube.com/channel/UC_4WGocM14_hmWNn0eL11KQ,Whatopia Zomrade Clip
UC_4tXjqecqox5Uc05ncxpxg,http://www.youtube.com/channel/UC_4tXjqecqox5Uc05ncxpxg,椎名唯華 / Shiina Yuika
UC_T1YqknD5yrpVlupc-ZXzg,http://www.youtube.com/channel/UC_T1YqknD5yrpVlupc-ZXzg,イル_フローラ
UC_yP2DpIgs5Y1uWC0T03Chw,http://www.youtube.com/channel/UC_yP2DpIgs5Y1uWC0T03Chw,Joueur Du Grenier
UCaBqRxHEMomgFU-AkSfodCw,http://www.youtube.com/channel/UCaBqRxHEMomgFU-AkSfodCw,CHRIS HERIA
UCaHOwP5OBwQ1KmpV6u6vWjQ,http://www.youtube.com/channel/UCaHOwP5OBwQ1KmpV6u6vWjQ,Pikon Ch. 網野ぴこん
UCaMo3--UmiqvVkjc9n9KtBA,http://www.youtube.com/channel/UCaMo3--UmiqvVkjc9n9KtBA,BetweenBlackandWhite
UCb_sF2m3-2azOqeNEdMwQPw,http://www.youtube.com/channel/UCb_sF2m3-2azOqeNEdMwQPw,Matthewmatosis
UCc3O5e6sfQcxJi_BLkZA5Zg,http://www.youtube.com/channel/UCc3O5e6sfQcxJi_BLkZA5Zg,本多ぽこ -Honda poko-
UCd2ng5IYrQZi4IXEeMV0Ayg,http://www.youtube.com/channel/UCd2ng5IYrQZi4IXEeMV0Ayg,IcePickLodge
UCdHIPSWf3kkwNg9y_puaChA,http://www.youtube.com/channel/UCdHIPSWf3kkwNg9y_puaChA,CHM Tech
UCdHXMcWxwZr2qQpdCCOcSkw,http://www.youtube.com/channel/UCdHXMcWxwZr2qQpdCCOcSkw,Noob & Olydri
UCdRobU5_w3TyZ_zLjmj-iFw,http://www.youtube.com/channel/UCdRobU5_w3TyZ_zLjmj-iFw,Riussu
UCdc_JyNaB5VJ0gdWUtWfGDg,http://www.youtube.com/channel/UCdc_JyNaB5VJ0gdWUtWfGDg,PyroLIVE
UCdktGrgQlqxPsvHo6cHF0Ng,http://www.youtube.com/channel/UCdktGrgQlqxPsvHo6cHF0Ng,Cooksie
UCdxV8WMWlO1bWKwo9IwJiTw,http://www.youtube.com/channel/UCdxV8WMWlO1bWKwo9IwJiTw,Kurosai
UCdyqAaZDKHXg4Ahi7VENThQ,http://www.youtube.com/channel/UCdyqAaZDKHXg4Ahi7VENThQ,Noel Ch. 白銀ノエル
UCe0TLA0EsQbE-MjuHXevj2A,http://www.youtube.com/channel/UCe0TLA0EsQbE-MjuHXevj2A,ATHLEAN-X™
UCe2MMiwq7IP_ls81uQBos0A,http://www.youtube.com/channel/UCe2MMiwq7IP_ls81uQBos0A,Enviosity
UCeLzT-7b2PBcunJplmWtoDg,http://www.youtube.com/channel/UCeLzT-7b2PBcunJplmWtoDg,Patra Channel / 周防パトラ
UCeTfBygNb1TahcNpZyELO8g,http://www.youtube.com/channel/UCeTfBygNb1TahcNpZyELO8g,Jacob Geller
UCe_ijwgvhtHQwQ55vsXDY8w,http://www.youtube.com/channel/UCe_ijwgvhtHQwQ55vsXDY8w,JackStauber
UCeeFfhMcJa1kjtfZAGskOCA,http://www.youtube.com/channel/UCeeFfhMcJa1kjtfZAGskOCA,TechLinked
UCfHKg5R1bWaxVUaO4lCQQ6w,http://www.youtube.com/channel/UCfHKg5R1bWaxVUaO4lCQQ6w,Gomi Simpington Ch.
UCfKc26fpQg6S1yoiDJNeeZw,http://www.youtube.com/channel/UCfKc26fpQg6S1yoiDJNeeZw,Tytykiller
UCfgh3Ul_dG6plQ7rzuOLx-w,http://www.youtube.com/channel/UCfgh3Ul_dG6plQ7rzuOLx-w,Max0r
UCftJR3Qm0LyEuEQue1QYytA,http://www.youtube.com/channel/UCftJR3Qm0LyEuEQue1QYytA,Natsume Ch. 紙代なつめ
UCg7aL_drCGzlPCrV6Hys_-w,http://www.youtube.com/channel/UCg7aL_drCGzlPCrV6Hys_-w,焼まゆるのお絵かきちゃんねる
UCgEVhpKnYQsu7sl_kGPH1NA,http://www.youtube.com/channel/UCgEVhpKnYQsu7sl_kGPH1NA,Lacari
UCgFPoDei_iNbdRze0nUxKIw,http://www.youtube.com/channel/UCgFPoDei_iNbdRze0nUxKIw,uise iu.憂世いう
UCgSku43Ciye6rdl23J3mTGw,http://www.youtube.com/channel/UCgSku43Ciye6rdl23J3mTGw,lemoncholy
UCgWVCnf3_hg4XNjnqC50yfw,http://www.youtube.com/channel/UCgWVCnf3_hg4XNjnqC50yfw,Roark Animations
UCgo5pn2U8qbl_WYXU8Q6f0w,http://www.youtube.com/channel/UCgo5pn2U8qbl_WYXU8Q6f0w,Zy0x
UCgv2_w0HveLN_JgFGTqwmTw,http://www.youtube.com/channel/UCgv2_w0HveLN_JgFGTqwmTw,Pohx Kappa
UChKXd7oqD18qiIYBoRIHTlw,http://www.youtube.com/channel/UChKXd7oqD18qiIYBoRIHTlw,Meloco Kyoran【NIJISANJI EN】
UChaoLjm91UaCnwnZTQzEtig,http://www.youtube.com/channel/UChaoLjm91UaCnwnZTQzEtig,Pertinax
UCiBn62W9j7aMvpmcSFdigBQ,http://www.youtube.com/channel/UCiBn62W9j7aMvpmcSFdigBQ,REIQ
UCiNAqjrTOKTrYITtVp4_xJw,http://www.youtube.com/channel/UCiNAqjrTOKTrYITtVp4_xJw,Andrea Larosa Official
UCiPTqoFtMuA08KBXQvn8WJg,http://www.youtube.com/channel/UCiPTqoFtMuA08KBXQvn8WJg,ももいろね
UCiU1-5VronbfeScuABAJC4A,http://www.youtube.com/channel/UCiU1-5VronbfeScuABAJC4A,Swatches
UCiWsgUNiND0za5YWQQ2akrw,http://www.youtube.com/channel/UCiWsgUNiND0za5YWQQ2akrw,Hololive Clips
UCigoEPn_f7jebe7mGKCW_pg,http://www.youtube.com/channel/UCigoEPn_f7jebe7mGKCW_pg,切り抜きえび【ASMR】
UCj209lI3ZOmOCkK8e3qFFNQ,http://www.youtube.com/channel/UCj209lI3ZOmOCkK8e3qFFNQ,Ryan Humiston
UCjQvp8l5wZDTor1KpAmqQ9w,http://www.youtube.com/channel/UCjQvp8l5wZDTor1KpAmqQ9w,Super Secret Audios
UCjX0FtIZBBVD3YoCcxnDC4g,http://www.youtube.com/channel/UCjX0FtIZBBVD3YoCcxnDC4g,dcode
UCj_0Qds8eajamEh28BV_3pw,http://www.youtube.com/channel/UCj_0Qds8eajamEh28BV_3pw,Henya Enjoyer
UCkIccKaHDGA8lYVmUerLhag,http://www.youtube.com/channel/UCkIccKaHDGA8lYVmUerLhag,Krita
UCkjbN2BlTwm7XknNjLOj7Hg,http://www.youtube.com/channel/UCkjbN2BlTwm7XknNjLOj7Hg,subtractem
UCkmaMkDzRzP4_AmrZVfwfcQ,http://www.youtube.com/channel/UCkmaMkDzRzP4_AmrZVfwfcQ,Limit Breakers
UClOGLGPOqlAiLmOvXW5lKbw,http://www.youtube.com/channel/UClOGLGPOqlAiLmOvXW5lKbw,MandaloreGaming
UClYObD5y2ZSAcFhEtg_ATnw,http://www.youtube.com/channel/UClYObD5y2ZSAcFhEtg_ATnw,2y0x
UClt01z1wHHT7c5lKcU8pxRQ,http://www.youtube.com/channel/UClt01z1wHHT7c5lKcU8pxRQ,hbomberguy
UCm5108VByLkHnu4-b-moBLQ,http://www.youtube.com/channel/UCm5108VByLkHnu4-b-moBLQ,조맹 Chommang_Drawing
UCm9pCim4dDN4KJZUILGizgA,http://www.youtube.com/channel/UCm9pCim4dDN4KJZUILGizgA,Tyler Edlin
UCmGhXfbj3ZFNYXwLl2VNyfQ,http://www.youtube.com/channel/UCmGhXfbj3ZFNYXwLl2VNyfQ,Engineering Plastics
UCmHdZhIk3zxkdKT8eX79eVQ,http://www.youtube.com/channel/UCmHdZhIk3zxkdKT8eX79eVQ,Ophelia ASMR
UCmRm1xtLIpBhuWjTyD411pA,http://www.youtube.com/channel/UCmRm1xtLIpBhuWjTyD411pA,Trent Kaniuga
UCmVomBV_EV5WpXhlyqBXUww,http://www.youtube.com/channel/UCmVomBV_EV5WpXhlyqBXUww,狛江撫子 七変化学所【けもりふ】
UCmdlnVFzmf7Zhqm_QE-UlJw,http://www.youtube.com/channel/UCmdlnVFzmf7Zhqm_QE-UlJw,Alex Leonidas
UCmupKbMkYkOnN_5ksslzOuQ,http://www.youtube.com/channel/UCmupKbMkYkOnN_5ksslzOuQ,jyundee
UCn-obz6wAIbr-jwP89txbHg,http://www.youtube.com/channel/UCn-obz6wAIbr-jwP89txbHg,Real Pixels
UCnY-NcUmUQ2ccaMKgpj7EMg,http://www.youtube.com/channel/UCnY-NcUmUQ2ccaMKgpj7EMg,Jello Impact
UCngn7SVujlvskHRvRKc1cTw,http://www.youtube.com/channel/UCngn7SVujlvskHRvRKc1cTw,BugsWriter
UCniqJdv-ZQHj1w1Xg6eLWYA,http://www.youtube.com/channel/UCniqJdv-ZQHj1w1Xg6eLWYA,From Scratch
UCnw3aIEiz60S6O3XcztCVkQ,http://www.youtube.com/channel/UCnw3aIEiz60S6O3XcztCVkQ,PatricianTV
UCnxEvD2eagj2VgtkFL5wDHA,http://www.youtube.com/channel/UCnxEvD2eagj2VgtkFL5wDHA,V2F
UCo0U1tbk3YbqiLDhkeWOviQ,http://www.youtube.com/channel/UCo0U1tbk3YbqiLDhkeWOviQ,Bob Lennon
UCp0PuGDPVc9A-lZ7B-1PB-A,http://www.youtube.com/channel/UCp0PuGDPVc9A-lZ7B-1PB-A,LimeLights
UCq6VFHwMzcMXbuKyG7SQYIg,http://www.youtube.com/channel/UCq6VFHwMzcMXbuKyG7SQYIg,penguinz0
UCqCOTXZlI18Z1JpgED9JRcQ,http://www.youtube.com/channel/UCqCOTXZlI18Z1JpgED9JRcQ,ThatGenshinGirl
UCqJ-Xo29CKyLTjn6z2XwYAw,http://www.youtube.com/channel/UCqJ-Xo29CKyLTjn6z2XwYAw,Game Maker's Toolkit
UCqos1tl0RntucGGtPXNxkkA,http://www.youtube.com/channel/UCqos1tl0RntucGGtPXNxkkA,Eternalised
UCr6ft9-65GmoBKXvG6_tCUg,http://www.youtube.com/channel/UCr6ft9-65GmoBKXvG6_tCUg,Daily Forsen 
UCr79DofWvtHieQOi3O4c7dw,http://www.youtube.com/channel/UCr79DofWvtHieQOi3O4c7dw,Zoil
UCrx2zrPjhGRi9TwszZiLwEg,http://www.youtube.com/channel/UCrx2zrPjhGRi9TwszZiLwEg,Horses 
UCs3_FikFMjAhMrco8Ai31MQ,http://www.youtube.com/channel/UCs3_FikFMjAhMrco8Ai31MQ,Fizecs
UCs4NwZLcsBz75VYZYR5Y5Jw,http://www.youtube.com/channel/UCs4NwZLcsBz75VYZYR5Y5Jw,NoceurASMR
UCsBjURrPoezykLs9EqgamOA,http://www.youtube.com/channel/UCsBjURrPoezykLs9EqgamOA,Fireship
UCsByULSrE72Rw3S5xkUsWhg,http://www.youtube.com/channel/UCsByULSrE72Rw3S5xkUsWhg,Forsen's Giftbox U
UCsn9MzwyPKeCE6MEGtMU4gg,http://www.youtube.com/channel/UCsn9MzwyPKeCE6MEGtMU4gg,MortMort
UCsnGwSIHyoYN0kiINAGUKxg,http://www.youtube.com/channel/UCsnGwSIHyoYN0kiINAGUKxg,Wolfgang's Channel
UCsvn_Po0SmunchJYOWpOxMg,http://www.youtube.com/channel/UCsvn_Po0SmunchJYOWpOxMg,videogamedunkey
UCtJhDVqW8dFyvOVbFU9QK4Q,http://www.youtube.com/channel/UCtJhDVqW8dFyvOVbFU9QK4Q,yvguo
UCtKKEqJIPCT9E6WMas7lC5Q,http://www.youtube.com/channel/UCtKKEqJIPCT9E6WMas7lC5Q,Arc Technologies
UCtNYli-rDCKpOJB64kPR49g,http://www.youtube.com/channel/UCtNYli-rDCKpOJB64kPR49g,OkCode
UCu1INzefw3R7M9-3QEHYmMQ,http://www.youtube.com/channel/UCu1INzefw3R7M9-3QEHYmMQ,Nene Amano Ch. 天野寧々【kawaii】
UCuOhExCNxSw18TH_f5VNEvg,http://www.youtube.com/channel/UCuOhExCNxSw18TH_f5VNEvg,Yumprincess Elle
UCudjcgz6hIhhJhG8JHPlJRA,http://www.youtube.com/channel/UCudjcgz6hIhhJhG8JHPlJRA,Endearin’ Audio
UCuvk5PilcvDECU7dDZhQiEw,http://www.youtube.com/channel/UCuvk5PilcvDECU7dDZhQiEw,白雪 巴/Shirayuki Tomoe
UCv1DvRY5PyHHt3KN9ghunuw,http://www.youtube.com/channel/UCv1DvRY5PyHHt3KN9ghunuw,Masahiro Sakurai on Creating Games
UCv88958LRDfndKV_Y7XmAnA,http://www.youtube.com/channel/UCv88958LRDfndKV_Y7XmAnA,Les Kassos
UCvaTdHTWBGv3MKj3KVqJVCw,http://www.youtube.com/channel/UCvaTdHTWBGv3MKj3KVqJVCw,Okayu Ch. 猫又おかゆ
UCw787N9PPpGRNZGrXVreYZw,http://www.youtube.com/channel/UCw787N9PPpGRNZGrXVreYZw,ずなちゃんねる rizuna ch.
UCwN_MU6-sDwOMArIlYIsKXA,http://www.youtube.com/channel/UCwN_MU6-sDwOMArIlYIsKXA,JeanBaptisteShow
UCwSOARsvB-Qa6PtuYyK74dA,http://www.youtube.com/channel/UCwSOARsvB-Qa6PtuYyK74dA,Macoto ASMR まこと。
UCwbLUmOHyFUFC80w6QZrpLw,http://www.youtube.com/channel/UCwbLUmOHyFUFC80w6QZrpLw,Erobb221Glazer
UCwePpiw1ocZRSNSkpKvVISw,http://www.youtube.com/channel/UCwePpiw1ocZRSNSkpKvVISw,Mary Channel / 西園寺メアリ【ななしいんく】
UCwmDCkPQojch5khdMYCb0EA,http://www.youtube.com/channel/UCwmDCkPQojch5khdMYCb0EA,Ethan Becker
UCwoTj-pZgZZ8DInOXSSLMmA,http://www.youtube.com/channel/UCwoTj-pZgZZ8DInOXSSLMmA,Odysseus
UCwx3EmL0cr25hXGns68BAJQ,http://www.youtube.com/channel/UCwx3EmL0cr25hXGns68BAJQ,Vars II
UCwyojXIrzgJEYPhiMkqA8Fg,http://www.youtube.com/channel/UCwyojXIrzgJEYPhiMkqA8Fg,Jyo's Spiral Abyss Guides
UCxRn0S16G244F72gs6fBaCw,http://www.youtube.com/channel/UCxRn0S16G244F72gs6fBaCw,SunflowerASMR
UCxeNZQ2YGWjO067UNsfSnow,http://www.youtube.com/channel/UCxeNZQ2YGWjO067UNsfSnow,Private Sessions
UCxuipVSw8ajLZPgSyKmw6Ag,http://www.youtube.com/channel/UCxuipVSw8ajLZPgSyKmw6Ag,さいとうなおき
UCyRCMSzw2MY2FVEtghDpBAA,http://www.youtube.com/channel/UCyRCMSzw2MY2FVEtghDpBAA,Dreams of Peaches
UCyclX6ZQCOXunEg4Z7EA8fw,http://www.youtube.com/channel/UCyclX6ZQCOXunEg4Z7EA8fw,Nmplol
UCyhnYIvIKK_--PiJXCMKxQQ,http://www.youtube.com/channel/UCyhnYIvIKK_--PiJXCMKxQQ,Joseph Anderson
UCylGUf9BvQooEFjgdNudoQg,http://www.youtube.com/channel/UCylGUf9BvQooEFjgdNudoQg,The Linux Cast
UCyoFMwJhMc3No3Z6IsrR9dQ,http://www.youtube.com/channel/UCyoFMwJhMc3No3Z6IsrR9dQ,Daily Dose of Shiorin
UCyv3RtRahU41TOQ4ImvbauQ,http://www.youtube.com/channel/UCyv3RtRahU41TOQ4ImvbauQ,Quin69 Highlights
UCywIoHWTw73Onx7851cJDZg,http://www.youtube.com/channel/UCywIoHWTw73Onx7851cJDZg,み. お絵かきch
UCz4jhqrCfthF8NnldZeK_rw,http://www.youtube.com/channel/UCz4jhqrCfthF8NnldZeK_rw,Rica Ch. / 利香
UCz5C8kGBXSd3hRtxCwUQ3_Q,http://www.youtube.com/channel/UCz5C8kGBXSd3hRtxCwUQ3_Q,Shondopilled Individuals
UCzY8hT21_sX1IYBc3Kpywmg,http://www.youtube.com/channel/UCzY8hT21_sX1IYBc3Kpywmg,Vidmilo
UCzqQYhCoGsQhzUjtFjppW1Q,http://www.youtube.com/channel/UCzqQYhCoGsQhzUjtFjppW1Q,Naco Ch. 餅月なこ
UCzydRtNc6KaXoH5VWf9HAag,http://www.youtube.com/channel/UCzydRtNc6KaXoH5VWf9HAag,AnniePants





